,VOLTAGE,FOM,UTIL,POWER
1,0.8,5.194395423716393,0.846014,0.00054
3,0.9,5.090505108423685,0.8460144,0.000882
2,0.85,5.028415798436684,0.846022,0.0006969999999999999
0,0.75,5.518973379185013,0.846025,0.00038250000000000003
4,0.95,5.893357208529756,0.8461344,0.00102125
5,1.0,7.010773141534818,0.8462144,0.0012150000000000002
6,1.05,7.421150953375852,0.8462996666666667,0.0015435
