,VOLTAGE,FOM,UTIL,POWER
0,0.75,5.951862176736747,0.846021,0.0004125
1,0.8,6.7812752274981065,0.846051,0.00047000000000000004
2,0.85,7.664579459545467,0.846098,0.00053125
5,1.0,15.148529409157634,0.846114,0.0010500000000000002
3,0.9,9.413673361105234,0.846119,0.0006525
6,1.05,19.237882036897844,0.846147,0.0013335
4,0.95,11.64947235516127,0.846148,0.0008075
